first, last, state, age, email
Mayme,Gregory,KS,34,ilne@odanam.im
Jack,Schneider,NH,56,pid@jeslu.tj
Lilly,Salazar,UT,54,atouplam@dobvih.lb
Landon,Warner,IN,25,dudsad@weg.to
Peter,Howell,NJ,36,mo@erona.ec
Devin,Tran,OH,50,hofpeapu@nane.sg
Julian,Rivera,DC,55,eli@luufa.cl
Isabelle,Myers,CA,39,pekpo@uviwud.ug
Ada,Collins,VT,64,keeteru@kalmofutu.er
Edna,Allen,OH,27,ruhip@negcaj.tg
Christopher,Todd,IL,48,fi@igevug.cr
Ethan,Jacobs,MS,32,ibena@ti.lu
Manuel,Marsh,NE,38,wej@vis.ba
Glenn,Burton,HI,65,utwe@lac.tl
Jane,Parks,GA,65,ureko@acigipa.tw
Benjamin,Flores,MT,58,ginapap@kupurdak.me
Hunter,Vargas,MI,19,tu@irjahpo.co
Henrietta,Poole,DE,65,hufwepba@naempul.sx
Marvin,Barnes,MS,28,jaw@pajuded.va
Elizabeth,Beck,MD,58,zafwit@bit.gq
Josie,Hodges,IL,45,bor@ziahe.ai
Cory,Curtis,DE,42,uv@gopoluf.mo
Lillian,Webster,ME,50,osenag@usoirol.jo
Paul,Reyes,PA,44,tirkepeca@gofen.gp
Jack,Griffith,LA,50,tibad@vub.sy
Michael,Jenkins,IL,48,nimte@vosozej.sc
Lou,Welch,ID,21,rafogu@zej.id
Daisy,Bradley,OR,46,os@illomjo.cy
Marvin,Owen,NY,64,oboti@cocgibin.li
Rachel,Greer,AK,56,ki@luzki.nl
Clara,Warren,MD,61,sup@ku.cl
Clarence,Salazar,CT,18,bocjowu@fuko.ss
Dennis,Rivera,HI,44,figibor@lilme.lt
Earl,Webster,HI,55,teg@focdebi.co
Alan,Stone,WA,52,lo@lela.ve
Martin,George,MI,41,fubkub@wicedfac.bm
Sue,Pope,AR,47,jufziuwe@puh.ar
Carolyn,Bridges,CT,62,cof@du.us
Joshua,Gutierrez,KY,47,tama@at.ye
Derrick,Vaughn,KY,65,tullerip@secanonod.nz
Juan,Henderson,TX,26,barada@na.ky
Bettie,Horton,AK,49,robbijge@evno.ky
Gertrude,Love,AL,53,mur@sidhu.be
Violet,Shelton,NE,23,de@fah.my
Gertrude,Wheeler,WV,56,konova@aromi.sk
Lettie,Gutierrez,NM,46,najid@zegvi.sz
Henrietta,Powers,CO,61,zuewzid@ru.cn
Ola,Johnston,NE,41,lu@azacoh.sl
Ella,Garza,MN,22,hul@jehuij.hk
Timothy,Hughes,HI,18,liv@imunbew.gm
Maud,Benson,TN,36,lilfavmu@eb.lc
Mitchell,Becker,WA,23,ihrunhu@keegpu.mg
Nathaniel,Klein,NV,18,wij@susulgi.nr
Lora,Newman,MI,24,mi@pe.ug
Paul,Kennedy,MD,19,cula@lilripi.mg
Ellen,Romero,WA,20,cecipnoc@gatvaz.bd
Jerome,Cohen,TN,63,ga@so.cd
Luke,Reynolds,WI,55,hauwfa@la.hu
Myrtie,McGee,ND,60,ruljow@wop.sv
Juan,Lawson,NY,27,batcon@digeshaj.do
Bobby,Carlson,LA,62,ekofome@ucasil.bj
Ola,King,WA,50,bem@niseife.kh
Virginia,Marsh,NE,59,udwikol@he.sr
Lewis,Sherman,FL,54,toepeziw@liwovul.hm
Brent,Thornton,CT,35,urbukilo@atva.ro
Cecelia,Obrien,ID,59,jum@nemnavof.ao
Cora,Elliott,AK,65,he@vozuwe.org
Lina,Craig,AK,18,rolfuz@meecvow.mz
Ida,Hughes,VA,58,kohnoaf@usabufiz.er
Jack,Payne,MN,57,go@ro.com
Adelaide,Pratt,ID,63,les@wilatwar.eg
Henrietta,Ballard,WA,64,siwzi@daza.pr
Cory,Powers,AK,65,gindi@oc.com
Lelia,Vargas,DE,40,rucap@encunat.vn
Rosalie,Drake,WY,28,wedisge@wuju.my
Cory,Norris,TN,43,ap@uzooga.sr
Jason,Simon,MN,54,vawlit@ho.sd
Ida,Garcia,UT,32,mennirjut@bas.is
Janie,Lawrence,AR,29,pet@ceuboum.ml
Paul,Schultz,HI,26,co@nuimon.ba
Logan,Carroll,OR,57,tabpofbu@rip.ag
Kate,Parker,AZ,22,cebpizwi@voh.kz
Allen,Duncan,DE,62,tisemeco@ureze.sb
Jimmy,Neal,VA,52,in@tajup.tr
Beatrice,Moran,ME,55,mozaw@doktuw.pk
Phoebe,Perez,WA,35,va@jehpih.th
Lora,Barber,PA,57,gijmu@buw.bs
Myrtle,Harper,AK,64,na@gavok.ms
Duane,Abbott,SD,42,adisuf@jatja.gt
Curtis,Diaz,WY,64,gitowow@awsaz.gf
Adam,Sullivan,IL,40,ficuhtoj@polbeg.jm
Lottie,Garrett,AL,20,sihho@ji.ae
Cornelia,Cole,NJ,26,ripku@vac.eu
Rosa,McCarthy,MS,45,ebci@ulefojib.ir
Sam,Long,AL,39,lotkejru@zursobmad.gl
Mae,Jenkins,NE,64,atdig@irnuh.nl
Dominic,McGee,NM,53,ojojuz@fasivku.tc
Sean,Snyder,AK,62,vechoda@jiv.ad
Bess,Warren,TX,49,lum@ohbowo.hr
Charlie,Boyd,KS,47,viravu@rilzuvep.to
